"DESCRIPTION","DURATION IN MS","NAME","PARENT SUITE","START TIME","STATUS","STOP TIME","SUB SUITE","SUITE","TEST CLASS","TEST METHOD"
"","98","test_login_success[\u6b63\u786e\u8d26\u53f7\u5bc6\u7801-\u767b\u5f55\u6210\u529f]","tests","2026-10-09","passed","2026-10-09","TestLogin","test_login","",""
"写法3：模拟慢接口（测超时/loading 场景）","1001","test_mock_latency","tests","2026-10-09","passed","2026-10-09","TestUserApiMock","test_user","",""
"写法4：根据请求参数动态返回（模拟""透传改写""：不同查询条件给不同数据）","1","test_mock_partial_modify_response","tests","2026-10-09","passed","2026-10-09","TestUserApiMock","test_user","",""
"写法2：模拟网络异常（接口挂了/断网）","2","test_mock_network_error","tests","2026-10-09","passed","2026-10-09","TestUserApiMock","test_user","",""
"","52","test_login_fail[\u5bc6\u7801\u9519\u8bef-\u767b\u5f55\u5931\u8d25]","tests","2026-10-09","passed","2026-10-09","TestLogin","test_login","",""
"","63","test_add_user[\u65b0\u589e\u7528\u6237-\u5e26\u90ae\u7bb1\u624b\u673a\u53f7]","tests","2026-10-09","passed","2026-10-09","TestAddUser","test_user","",""
"","5","test_add_user[\u65b0\u589e\u7528\u6237-\u7528\u6237\u540d\u91cd\u590d-\u5e94\u5931\u8d25]","tests","2026-10-09","passed","2026-10-09","TestAddUser","test_user","",""
"写法1：整体替换返回体（最常见）","1","test_mock_user_list_return_fake_data","tests","2026-10-09","passed","2026-10-09","TestUserApiMock","test_user","",""
"","5","test_login_fail[\u7528\u6237\u540d\u4e3a\u7a7a-\u540e\u7aef\u6821\u9a8c]","tests","2026-10-09","passed","2026-10-09","TestLogin","test_login","",""
"","62","test_add_user[\u6b63\u5e38\u65b0\u589e\u7528\u6237-\u5fc5\u586b\u9879]","tests","2026-10-09","passed","2026-10-09","TestAddUser","test_user","",""
"","77","test_delete_user","tests","2026-10-09","passed","2026-10-09","TestDeleteUser","test_user","",""
